{
    "run_info": {
        "epoch": 37,
        "seed": 3407,
        "time": "20260226_164613",
        "criteria": "Max(SRCC+PLCC)"
    },
    "metrics": {
        "srcc": 0.9256965944272446,
        "plcc": 0.9367110287748339,
        "krcc": 0.7908496732026145,
        "rmse": 9.383660316467285,
        "best_combined_score": 1.8624076232020785
    },
    "preds": [
        0.3684983551502228,
        0.40133532881736755,
        0.531765878200531,
        0.5615643858909607,
        0.23162008821964264,
        0.7735161781311035,
        0.30871179699897766,
        0.8636422157287598,
        0.2617154121398926,
        0.8538884520530701,
        0.7310010194778442,
        0.419869989156723,
        0.6802613735198975,
        0.532084047794342,
        0.7587738633155823,
        0.9168558716773987,
        0.3068266808986664,
        0.2626965641975403
    ],
    "targets": [
        0.4002777636051178,
        0.3222222328186035,
        0.4483333230018616,
        0.5486111044883728,
        0.2291666716337204,
        0.5938888788223267,
        0.2888889014720917,
        0.8174999952316284,
        0.2608333230018616,
        0.820277750492096,
        0.6991666555404663,
        0.2658333480358124,
        0.4347222149372101,
        0.45916667580604553,
        0.8694444298744202,
        0.8427777886390686,
        0.3036110997200012,
        0.27166667580604553
    ],
    "keys": [
        "Architecture+mipnerf+baseline+path1",
        "office_view1+tensorf+baseline+path2",
        "Architecture+instant-ngp+baseline+path2",
        "riverview+instant-ngp+clip_2.5+path1",
        "office1b+nerf+baseline+path1",
        "riverview+nerfacto+gamma_0.6+path1",
        "Architecture+tensorf+baseline+path2",
        "apartment+instant-ngp+baseline+path1",
        "LiZhaoJi_Building+tensorf+gamma_0.6+path1",
        "riverview+nerfacto+clip_2.5+path1",
        "office1b+instant-ngp+clip_0.4+path1",
        "Architecture+instant-ngp+clip_0.7+path2",
        "office1b+tensorf+clip_0.7+path1",
        "office_view1+mipnerf+baseline+path2",
        "LiZhaoJi_Building+nerfacto+clip_1.5+path1",
        "Center_Garden+nerfacto+baseline+path1",
        "office_view2+mipnerf+baseline+path1",
        "Sqaure1+tensorf+baseline+path2"
    ]
}