{
    "run_info": {
        "epoch": 7,
        "seed": 3407,
        "time": "20260226_180906",
        "criteria": "Max(SRCC+PLCC)"
    },
    "metrics": {
        "srcc": 0.7791537667698658,
        "plcc": 0.8860170064183114,
        "krcc": 0.607843137254902,
        "rmse": 13.118338584899902,
        "best_combined_score": 1.6651707731881773
    },
    "preds": [
        0.2328634262084961,
        0.26934173703193665,
        0.2639390826225281,
        0.6704803705215454,
        0.3735398054122925,
        0.8074048161506653,
        0.23375242948532104,
        0.844835638999939,
        0.3950345516204834,
        0.9220703840255737,
        0.6877087950706482,
        0.2808489203453064,
        0.5882753133773804,
        0.6492185592651367,
        0.8960022926330566,
        0.9471283555030823,
        0.5421057939529419,
        0.326122909784317
    ],
    "targets": [
        0.4002777636051178,
        0.3222222328186035,
        0.4483333230018616,
        0.5486111044883728,
        0.2291666716337204,
        0.5938888788223267,
        0.2888889014720917,
        0.8174999952316284,
        0.2608333230018616,
        0.820277750492096,
        0.6991666555404663,
        0.2658333480358124,
        0.4347222149372101,
        0.45916667580604553,
        0.8694444298744202,
        0.8427777886390686,
        0.3036110997200012,
        0.27166667580604553
    ],
    "keys": [
        "Architecture+mipnerf+baseline+path1",
        "office_view1+tensorf+baseline+path2",
        "Architecture+instant-ngp+baseline+path2",
        "riverview+instant-ngp+clip_2.5+path1",
        "office1b+nerf+baseline+path1",
        "riverview+nerfacto+gamma_0.6+path1",
        "Architecture+tensorf+baseline+path2",
        "apartment+instant-ngp+baseline+path1",
        "LiZhaoJi_Building+tensorf+gamma_0.6+path1",
        "riverview+nerfacto+clip_2.5+path1",
        "office1b+instant-ngp+clip_0.4+path1",
        "Architecture+instant-ngp+clip_0.7+path2",
        "office1b+tensorf+clip_0.7+path1",
        "office_view1+mipnerf+baseline+path2",
        "LiZhaoJi_Building+nerfacto+clip_1.5+path1",
        "Center_Garden+nerfacto+baseline+path1",
        "office_view2+mipnerf+baseline+path1",
        "Sqaure1+tensorf+baseline+path2"
    ]
}