{
    "run_info": {
        "epoch": 23,
        "seed": 3407,
        "time": "20260226_140051",
        "criteria": "Max(SRCC+PLCC)"
    },
    "metrics": {
        "srcc": 0.915376676986584,
        "plcc": 0.9561610542200645,
        "krcc": 0.7647058823529412,
        "rmse": 6.979033470153809,
        "best_combined_score": 1.8715377312066486
    },
    "preds": [
        0.24274452030658722,
        0.33005982637405396,
        0.4278717041015625,
        0.49837878346443176,
        0.23650403320789337,
        0.6007241010665894,
        0.26981526613235474,
        0.8131507039070129,
        0.24531611800193787,
        0.7235686779022217,
        0.5590306520462036,
        0.320178747177124,
        0.543030321598053,
        0.4139634370803833,
        0.7734954953193665,
        0.8910120129585266,
        0.2838252782821655,
        0.23311956226825714
    ],
    "targets": [
        0.4002777636051178,
        0.3222222328186035,
        0.4483333230018616,
        0.5486111044883728,
        0.2291666716337204,
        0.5938888788223267,
        0.2888889014720917,
        0.8174999952316284,
        0.2608333230018616,
        0.820277750492096,
        0.6991666555404663,
        0.2658333480358124,
        0.4347222149372101,
        0.45916667580604553,
        0.8694444298744202,
        0.8427777886390686,
        0.3036110997200012,
        0.27166667580604553
    ],
    "keys": [
        "Architecture+mipnerf+baseline+path1",
        "office_view1+tensorf+baseline+path2",
        "Architecture+instant-ngp+baseline+path2",
        "riverview+instant-ngp+clip_2.5+path1",
        "office1b+nerf+baseline+path1",
        "riverview+nerfacto+gamma_0.6+path1",
        "Architecture+tensorf+baseline+path2",
        "apartment+instant-ngp+baseline+path1",
        "LiZhaoJi_Building+tensorf+gamma_0.6+path1",
        "riverview+nerfacto+clip_2.5+path1",
        "office1b+instant-ngp+clip_0.4+path1",
        "Architecture+instant-ngp+clip_0.7+path2",
        "office1b+tensorf+clip_0.7+path1",
        "office_view1+mipnerf+baseline+path2",
        "LiZhaoJi_Building+nerfacto+clip_1.5+path1",
        "Center_Garden+nerfacto+baseline+path1",
        "office_view2+mipnerf+baseline+path1",
        "Sqaure1+tensorf+baseline+path2"
    ]
}