{
    "run_info": {
        "epoch": 23,
        "seed": 3407,
        "time": "20260226_190317",
        "criteria": "Max(SRCC+PLCC)"
    },
    "metrics": {
        "srcc": 0.915376676986584,
        "plcc": 0.9531280090417009,
        "krcc": 0.7516339869281047,
        "rmse": 6.713240146636963,
        "best_combined_score": 1.868504686028285
    },
    "preds": [
        0.2895222306251526,
        0.3594004213809967,
        0.47314339876174927,
        0.564440906047821,
        0.2001735270023346,
        0.6782658696174622,
        0.24683620035648346,
        0.8074344992637634,
        0.35775429010391235,
        0.7095569372177124,
        0.6567144989967346,
        0.3529146611690521,
        0.5642756223678589,
        0.41578570008277893,
        0.7865724563598633,
        0.8360729813575745,
        0.31620386242866516,
        0.2728167176246643
    ],
    "targets": [
        0.4002777636051178,
        0.3222222328186035,
        0.4483333230018616,
        0.5486111044883728,
        0.2291666716337204,
        0.5938888788223267,
        0.2888889014720917,
        0.8174999952316284,
        0.2608333230018616,
        0.820277750492096,
        0.6991666555404663,
        0.2658333480358124,
        0.4347222149372101,
        0.45916667580604553,
        0.8694444298744202,
        0.8427777886390686,
        0.3036110997200012,
        0.27166667580604553
    ],
    "keys": [
        "Architecture+mipnerf+baseline+path1",
        "office_view1+tensorf+baseline+path2",
        "Architecture+instant-ngp+baseline+path2",
        "riverview+instant-ngp+clip_2.5+path1",
        "office1b+nerf+baseline+path1",
        "riverview+nerfacto+gamma_0.6+path1",
        "Architecture+tensorf+baseline+path2",
        "apartment+instant-ngp+baseline+path1",
        "LiZhaoJi_Building+tensorf+gamma_0.6+path1",
        "riverview+nerfacto+clip_2.5+path1",
        "office1b+instant-ngp+clip_0.4+path1",
        "Architecture+instant-ngp+clip_0.7+path2",
        "office1b+tensorf+clip_0.7+path1",
        "office_view1+mipnerf+baseline+path2",
        "LiZhaoJi_Building+nerfacto+clip_1.5+path1",
        "Center_Garden+nerfacto+baseline+path1",
        "office_view2+mipnerf+baseline+path1",
        "Sqaure1+tensorf+baseline+path2"
    ]
}