{
    "run_info": {
        "epoch": 37,
        "seed": 3407,
        "time": "20260226_193834",
        "criteria": "Max(SRCC+PLCC)"
    },
    "metrics": {
        "srcc": 0.9050567595459237,
        "plcc": 0.9466453480894439,
        "krcc": 0.7516339869281047,
        "rmse": 7.983043670654297,
        "best_combined_score": 1.8517021076353677
    },
    "preds": [
        0.3091435730457306,
        0.36518144607543945,
        0.5091359615325928,
        0.5607357621192932,
        0.25206258893013,
        0.7400359511375427,
        0.2915126085281372,
        0.8339274525642395,
        0.3132997155189514,
        0.8006900548934937,
        0.6465209722518921,
        0.39802086353302,
        0.6403612494468689,
        0.521487832069397,
        0.8405038118362427,
        0.8984837532043457,
        0.25739017128944397,
        0.3257721960544586
    ],
    "targets": [
        0.4002777636051178,
        0.3222222328186035,
        0.4483333230018616,
        0.5486111044883728,
        0.2291666716337204,
        0.5938888788223267,
        0.2888889014720917,
        0.8174999952316284,
        0.2608333230018616,
        0.820277750492096,
        0.6991666555404663,
        0.2658333480358124,
        0.4347222149372101,
        0.45916667580604553,
        0.8694444298744202,
        0.8427777886390686,
        0.3036110997200012,
        0.27166667580604553
    ],
    "keys": [
        "Architecture+mipnerf+baseline+path1",
        "office_view1+tensorf+baseline+path2",
        "Architecture+instant-ngp+baseline+path2",
        "riverview+instant-ngp+clip_2.5+path1",
        "office1b+nerf+baseline+path1",
        "riverview+nerfacto+gamma_0.6+path1",
        "Architecture+tensorf+baseline+path2",
        "apartment+instant-ngp+baseline+path1",
        "LiZhaoJi_Building+tensorf+gamma_0.6+path1",
        "riverview+nerfacto+clip_2.5+path1",
        "office1b+instant-ngp+clip_0.4+path1",
        "Architecture+instant-ngp+clip_0.7+path2",
        "office1b+tensorf+clip_0.7+path1",
        "office_view1+mipnerf+baseline+path2",
        "LiZhaoJi_Building+nerfacto+clip_1.5+path1",
        "Center_Garden+nerfacto+baseline+path1",
        "office_view2+mipnerf+baseline+path1",
        "Sqaure1+tensorf+baseline+path2"
    ]
}