{
    "run_info": {
        "epoch": 48,
        "seed": 3407,
        "time": "20260226_142908",
        "criteria": "Max(SRCC+PLCC)"
    },
    "metrics": {
        "srcc": 0.9112487100103198,
        "plcc": 0.9371753874983652,
        "krcc": 0.7647058823529412,
        "rmse": 7.738559246063232,
        "best_combined_score": 1.848424097508685
    },
    "preds": [
        0.2793824076652527,
        0.37213194370269775,
        0.4815526008605957,
        0.5145063400268555,
        0.2326420247554779,
        0.7121730446815491,
        0.30564823746681213,
        0.838164210319519,
        0.3065999448299408,
        0.7682319283485413,
        0.5049181580543518,
        0.3996207118034363,
        0.47106465697288513,
        0.41231784224510193,
        0.8164121508598328,
        0.9157854914665222,
        0.3393162190914154,
        0.25319451093673706
    ],
    "targets": [
        0.4002777636051178,
        0.3222222328186035,
        0.4483333230018616,
        0.5486111044883728,
        0.2291666716337204,
        0.5938888788223267,
        0.2888889014720917,
        0.8174999952316284,
        0.2608333230018616,
        0.820277750492096,
        0.6991666555404663,
        0.2658333480358124,
        0.4347222149372101,
        0.45916667580604553,
        0.8694444298744202,
        0.8427777886390686,
        0.3036110997200012,
        0.27166667580604553
    ],
    "keys": [
        "Architecture+mipnerf+baseline+path1",
        "office_view1+tensorf+baseline+path2",
        "Architecture+instant-ngp+baseline+path2",
        "riverview+instant-ngp+clip_2.5+path1",
        "office1b+nerf+baseline+path1",
        "riverview+nerfacto+gamma_0.6+path1",
        "Architecture+tensorf+baseline+path2",
        "apartment+instant-ngp+baseline+path1",
        "LiZhaoJi_Building+tensorf+gamma_0.6+path1",
        "riverview+nerfacto+clip_2.5+path1",
        "office1b+instant-ngp+clip_0.4+path1",
        "Architecture+instant-ngp+clip_0.7+path2",
        "office1b+tensorf+clip_0.7+path1",
        "office_view1+mipnerf+baseline+path2",
        "LiZhaoJi_Building+nerfacto+clip_1.5+path1",
        "Center_Garden+nerfacto+baseline+path1",
        "office_view2+mipnerf+baseline+path1",
        "Sqaure1+tensorf+baseline+path2"
    ]
}