{
    "run_info": {
        "epoch": 37,
        "seed": 3407,
        "time": "20260226_155258",
        "criteria": "Max(SRCC+PLCC)"
    },
    "metrics": {
        "srcc": 0.9133126934984519,
        "plcc": 0.9322329536983273,
        "krcc": 0.7516339869281047,
        "rmse": 8.56037712097168,
        "best_combined_score": 1.8455456471967793
    },
    "preds": [
        0.29679834842681885,
        0.3681482672691345,
        0.5309019088745117,
        0.6139753460884094,
        0.2660861611366272,
        0.7458617687225342,
        0.37005454301834106,
        0.7836089730262756,
        0.2815138101577759,
        0.8062305450439453,
        0.6281526684761047,
        0.4067988395690918,
        0.6225765943527222,
        0.44552212953567505,
        0.7586702108383179,
        0.8702731132507324,
        0.3163766860961914,
        0.31162920594215393
    ],
    "targets": [
        0.4002777636051178,
        0.3222222328186035,
        0.4483333230018616,
        0.5486111044883728,
        0.2291666716337204,
        0.5938888788223267,
        0.2888889014720917,
        0.8174999952316284,
        0.2608333230018616,
        0.820277750492096,
        0.6991666555404663,
        0.2658333480358124,
        0.4347222149372101,
        0.45916667580604553,
        0.8694444298744202,
        0.8427777886390686,
        0.3036110997200012,
        0.27166667580604553
    ],
    "keys": [
        "Architecture+mipnerf+baseline+path1",
        "office_view1+tensorf+baseline+path2",
        "Architecture+instant-ngp+baseline+path2",
        "riverview+instant-ngp+clip_2.5+path1",
        "office1b+nerf+baseline+path1",
        "riverview+nerfacto+gamma_0.6+path1",
        "Architecture+tensorf+baseline+path2",
        "apartment+instant-ngp+baseline+path1",
        "LiZhaoJi_Building+tensorf+gamma_0.6+path1",
        "riverview+nerfacto+clip_2.5+path1",
        "office1b+instant-ngp+clip_0.4+path1",
        "Architecture+instant-ngp+clip_0.7+path2",
        "office1b+tensorf+clip_0.7+path1",
        "office_view1+mipnerf+baseline+path2",
        "LiZhaoJi_Building+nerfacto+clip_1.5+path1",
        "Center_Garden+nerfacto+baseline+path1",
        "office_view2+mipnerf+baseline+path1",
        "Sqaure1+tensorf+baseline+path2"
    ]
}