{
    "run_info": {
        "epoch": 48,
        "seed": 3407,
        "time": "20260226_193816",
        "criteria": "Max(SRCC+PLCC)"
    },
    "metrics": {
        "srcc": 0.9195046439628484,
        "plcc": 0.9434257789876843,
        "krcc": 0.7777777777777779,
        "rmse": 7.523953437805176,
        "best_combined_score": 1.8629304229505328
    },
    "preds": [
        0.29840484261512756,
        0.3727913200855255,
        0.48185694217681885,
        0.5073010325431824,
        0.26684895157814026,
        0.7555438280105591,
        0.33154192566871643,
        0.809158980846405,
        0.33554062247276306,
        0.7796412110328674,
        0.552221417427063,
        0.4064578115940094,
        0.4980282187461853,
        0.4341508150100708,
        0.8490927815437317,
        0.875475287437439,
        0.34752756357192993,
        0.27836668491363525
    ],
    "targets": [
        0.4002777636051178,
        0.3222222328186035,
        0.4483333230018616,
        0.5486111044883728,
        0.2291666716337204,
        0.5938888788223267,
        0.2888889014720917,
        0.8174999952316284,
        0.2608333230018616,
        0.820277750492096,
        0.6991666555404663,
        0.2658333480358124,
        0.4347222149372101,
        0.45916667580604553,
        0.8694444298744202,
        0.8427777886390686,
        0.3036110997200012,
        0.27166667580604553
    ],
    "keys": [
        "Architecture+mipnerf+baseline+path1",
        "office_view1+tensorf+baseline+path2",
        "Architecture+instant-ngp+baseline+path2",
        "riverview+instant-ngp+clip_2.5+path1",
        "office1b+nerf+baseline+path1",
        "riverview+nerfacto+gamma_0.6+path1",
        "Architecture+tensorf+baseline+path2",
        "apartment+instant-ngp+baseline+path1",
        "LiZhaoJi_Building+tensorf+gamma_0.6+path1",
        "riverview+nerfacto+clip_2.5+path1",
        "office1b+instant-ngp+clip_0.4+path1",
        "Architecture+instant-ngp+clip_0.7+path2",
        "office1b+tensorf+clip_0.7+path1",
        "office_view1+mipnerf+baseline+path2",
        "LiZhaoJi_Building+nerfacto+clip_1.5+path1",
        "Center_Garden+nerfacto+baseline+path1",
        "office_view2+mipnerf+baseline+path1",
        "Sqaure1+tensorf+baseline+path2"
    ]
}