{
    "run_info": {
        "epoch": 33,
        "seed": 3407,
        "time": "20260226_152253",
        "criteria": "Max(SRCC+PLCC)"
    },
    "metrics": {
        "srcc": 0.9029927760577915,
        "plcc": 0.9474675162013257,
        "krcc": 0.7385620915032681,
        "rmse": 8.174671173095703,
        "best_combined_score": 1.8504602922591173
    },
    "preds": [
        0.2140403538942337,
        0.29300692677497864,
        0.4002777636051178,
        0.515209436416626,
        0.18366149067878723,
        0.6405500769615173,
        0.23633207380771637,
        0.7764317989349365,
        0.27752646803855896,
        0.7078229784965515,
        0.49720942974090576,
        0.3123343884944916,
        0.5049440860748291,
        0.39909279346466064,
        0.815153181552887,
        0.8644333481788635,
        0.3116753399372101,
        0.20288856327533722
    ],
    "targets": [
        0.4002777636051178,
        0.3222222328186035,
        0.4483333230018616,
        0.5486111044883728,
        0.2291666716337204,
        0.5938888788223267,
        0.2888889014720917,
        0.8174999952316284,
        0.2608333230018616,
        0.820277750492096,
        0.6991666555404663,
        0.2658333480358124,
        0.4347222149372101,
        0.45916667580604553,
        0.8694444298744202,
        0.8427777886390686,
        0.3036110997200012,
        0.27166667580604553
    ],
    "keys": [
        "Architecture+mipnerf+baseline+path1",
        "office_view1+tensorf+baseline+path2",
        "Architecture+instant-ngp+baseline+path2",
        "riverview+instant-ngp+clip_2.5+path1",
        "office1b+nerf+baseline+path1",
        "riverview+nerfacto+gamma_0.6+path1",
        "Architecture+tensorf+baseline+path2",
        "apartment+instant-ngp+baseline+path1",
        "LiZhaoJi_Building+tensorf+gamma_0.6+path1",
        "riverview+nerfacto+clip_2.5+path1",
        "office1b+instant-ngp+clip_0.4+path1",
        "Architecture+instant-ngp+clip_0.7+path2",
        "office1b+tensorf+clip_0.7+path1",
        "office_view1+mipnerf+baseline+path2",
        "LiZhaoJi_Building+nerfacto+clip_1.5+path1",
        "Center_Garden+nerfacto+baseline+path1",
        "office_view2+mipnerf+baseline+path1",
        "Sqaure1+tensorf+baseline+path2"
    ]
}